{
    "interactionModel": {
        "languageModel": {
            "invocationName": "saleslink",
            "intents": [
                {
                    "name": "AMAZON.FallbackIntent",
                    "samples": []
                },
                {
                    "name": "AMAZON.CancelIntent",
                    "samples": []
                },
                {
                    "name": "AMAZON.HelpIntent",
                    "samples": []
                },
                {
                    "name": "AMAZON.StopIntent",
                    "samples": []
                },
                {
                    "name": "AMAZON.NavigateHomeIntent",
                    "samples": []
                },
                {
                    "name": "NextMeetingIntent",
                    "slots": [],
                    "samples": [
                        "my upcoming meeting",
                        "what is my upcoming meeting",
                        "upcoming meeting",
                        "my next meeting",
                        "next meeting",
                        "what is my next meeting"
                    ]
                },
                {
                    "name": "NextMeetingLocationIntent",
                    "slots": [],
                    "samples": [
                        "upcoming meeting address",
                        "next meeting address",
                        "upcoming meeting location",
                        "next meeting location",
                        "where is my upcoming meeting",
                        "where is my next meeting"
                    ]
                },
                {
                    "name": "NextMeetingDirectionsIntent",
                    "slots": [],
                    "samples": [
                        "directions",
                        "get me directions",
                        "give me directions to the meeting",
                        "get me directions to the meeting",
                        "get me directions to my next meeting",
                        "how do I get there",
                        "give me directions",
                        "how do I get to my upcoming meeting",
                        "how do I get to my next meeting",
                        "directions to my upcoming meeting",
                        "give me directions to my upcoming meeting",
                        "directions to my next meeting",
                        "give me directions to my next meeting"
                    ]
                },
                {
                    "name": "ContactInfoIntent",
                    "slots": [
                        {
                            "name": "ContactName",
                            "type": "AMAZON.Person"
                        }
                    ],
                    "samples": [
                        "read {ContactName} business notes",
                        "{ContactName} notes",
                        "get me {ContactName} notes",
                        "what are {ContactName} business notes",
                        "{ContactName} business notes",
                        "get me {ContactName} business notes"
                    ]
                },
                {
                    "name": "ContactPersonalInfoIntent",
                    "slots": [],
                    "samples": [
                        "what else do you know about him",
                        "what else do we know",
                        "what else do we know about him",
                        "get me his personal info",
                        "personal information",
                        "get his personal info",
                        "get his personal information"
                    ]
                },
                {
                    "name": "MeetingNoteIntent",
                    "slots": [
                        {
                            "name": "Note",
                            "type": "AMAZON.Person"
                        }
                    ],
                    "samples": [
                        "add a note to my last meeting {Note}"
                    ]
                },
                {
                    "name": "ThankYouNoteIntent",
                    "slots": [
                        {
                            "name": "ContactName",
                            "type": "AMAZON.Person"
                        }
                    ],
                    "samples": [
                        "thank {ContactName}",
                        "send a thank you note to {ContactName} for today's meeting",
                        "send a thank you note to {ContactName}"
                    ]
                },
                {
                    "name": "MusicIntent",
                    "slots": [],
                    "samples": [
                        "play my favorite song",
                        "play music",
                        "play smooth jazz",
                        "play classic rock"
                    ]
                },
                {
                    "name": "HelloAdamIntent",
                    "slots": [],
                    "samples": [
                        "hello adam"
                    ]
                },
                {
                    "name": "GetOpportunityIntent",
                    "slots": [],
                    "samples": [
                        "any opportunities",
                        "does he have any opportunities",
                        "does he have an opportunity",
                        "opportunity",
                        "do we have an opportunity with him",
                        "current opportunity",
                        "get current opportunity",
                        "Get opprtunity",
                        "next opportunities",
                        "next opportunity",
                        "for an opportunity",
                        "recent opportunity"
                    ]
                },
                {
                    "name": "GeeThanksIntent",
                    "slots": [],
                    "samples": [
                        "oh thanks"
                    ]
                },
                {
                    "name": "UpdateOpportunityIntent",
                    "slots": [
                        {
                            "name": "DollarAmount",
                            "type": "AMAZON.NUMBER"
                        }
                    ],
                    "samples": [
                        "update opportunity to {DollarAmount} dollars",
                        "update opportunity {DollarAmount} dollars",
                        "set opportunity to {DollarAmount} dollars",
                        "update opportunity with {DollarAmount} dollars"
                    ]
                },
                {
                    "name": "AMAZON.PauseIntent",
                    "samples": []
                },
                {
                    "name": "AMAZON.ResumeIntent",
                    "samples": []
                },
                {
                    "name": "WorkWithFPIntent",
                    "slots": [
                        {
                            "name": "ContactName",
                            "type": "AMAZON.Person"
                        }
                    ],
                    "samples": [
                        "work with {ContactName}"
                    ]
                }
            ],
            "types": []
        }
    }
}